{"valueType":"relations","values":[[{"_typeName":"User","id":"cjvaae7d3slp20b95m54iv552"},{"_typeName":"Material","id":"cjvdwoo5izqqr0b22ze1epgdy","fieldName":"user"}],[{"_typeName":"User","id":"cjvaae7d3slp20b95m54iv552"},{"_typeName":"Material","id":"cjvdwu2ndztm60b22ed3cicnj","fieldName":"user"}],[{"_typeName":"User","id":"cjvaae7d3slp20b95m54iv552"},{"_typeName":"Material","id":"cjvdx13cizxdk0b22v76ry56w","fieldName":"user"}],[{"_typeName":"User","id":"cjvaae7d3slp20b95m54iv552"},{"_typeName":"Material","id":"cjvdx2pm2xr160b95upxom6ua","fieldName":"user"}],[{"_typeName":"User","id":"cjvaae7d3slp20b95m54iv552"},{"_typeName":"Material","id":"cjvdx4v2pzz0d0b2292yg7zr3","fieldName":"user"}],[{"_typeName":"User","id":"cjvaae7d3slp20b95m54iv552"},{"_typeName":"Material","id":"cjvdx62j3zzgz0b226qmfo9w6","fieldName":"user"}],[{"_typeName":"User","id":"cjvaae7d3slp20b95m54iv552"},{"_typeName":"Material","id":"cjvdx7asvzzy90b22g8pyz0xj","fieldName":"user"}],[{"_typeName":"User","id":"cjvaae7d3slp20b95m54iv552"},{"_typeName":"Material","id":"cjvdx8qzh00n20b228qq46a7o","fieldName":"user"}],[{"_typeName":"User","id":"cjvaae7d3slp20b95m54iv552"},{"_typeName":"Material","id":"cjvdxa09ixuhc0b95sf7a3rma","fieldName":"user"}],[{"_typeName":"User","id":"cjvcw3ijvmpel0b95y04u1zdn","fieldName":"university"},{"_typeName":"University","id":"cjvat7awpy7d40b95x1xb420k","fieldName":"users"}],[{"_typeName":"User","id":"cjvcxnz8uqgbe0b22vmpf5dao","fieldName":"university"},{"_typeName":"University","id":"cjvat7awpy7d40b95x1xb420k","fieldName":"users"}],[{"_typeName":"User","id":"cjvcxwf3xqibz0b22xd1uwc3p","fieldName":"university"},{"_typeName":"University","id":"cjvat7awpy7d40b95x1xb420k","fieldName":"users"}],[{"_typeName":"User","id":"cjvcy6w8vqkzk0b22gzs3xscr","fieldName":"university"},{"_typeName":"University","id":"cjvat7awpy7d40b95x1xb420k","fieldName":"users"}],[{"_typeName":"User","id":"cjvcy9y5wqlph0b22sxmocvx4","fieldName":"university"},{"_typeName":"University","id":"cjvat7awpy7d40b95x1xb420k","fieldName":"users"}],[{"_typeName":"User","id":"cjvcxcjnbqdqf0b22knpxffwv","fieldName":"university"},{"_typeName":"University","id":"cjvat7jazy7fo0b95zc821yxm","fieldName":"users"}],[{"_typeName":"User","id":"cjvcxh2aon2oi0b95g7558g0l","fieldName":"university"},{"_typeName":"University","id":"cjvat7jazy7fo0b95zc821yxm","fieldName":"users"}],[{"_typeName":"User","id":"cjvcxkanpqfj70b22a3nt2dtz","fieldName":"university"},{"_typeName":"University","id":"cjvat7jazy7fo0b95zc821yxm","fieldName":"users"}],[{"_typeName":"User","id":"cjvcxqvwaqgyk0b22qj84brws","fieldName":"university"},{"_typeName":"University","id":"cjvat7jazy7fo0b95zc821yxm","fieldName":"users"}],[{"_typeName":"User","id":"cjvcxslmjn5l50b95gxuuvl9s","fieldName":"university"},{"_typeName":"University","id":"cjvat7jazy7fo0b95zc821yxm","fieldName":"users"}],[{"_typeName":"MaterialTag","id":"cjvdwfeixzlya0b22ynkqa1s7"},{"_typeName":"Material","id":"cjvdwoo5izqqr0b22ze1epgdy","fieldName":"tags"}],[{"_typeName":"MaterialTag","id":"cjvdwfeixzlya0b22ynkqa1s7"},{"_typeName":"Material","id":"cjvdwu2ndztm60b22ed3cicnj","fieldName":"tags"}],[{"_typeName":"MaterialTag","id":"cjvdwfeixzlya0b22ynkqa1s7"},{"_typeName":"Material","id":"cjvdx13cizxdk0b22v76ry56w","fieldName":"tags"}],[{"_typeName":"MaterialTag","id":"cjvdwfeixzlya0b22ynkqa1s7"},{"_typeName":"Material","id":"cjvdx2pm2xr160b95upxom6ua","fieldName":"tags"}],[{"_typeName":"MaterialTag","id":"cjvdwfeixzlya0b22ynkqa1s7"},{"_typeName":"Material","id":"cjvdx4v2pzz0d0b2292yg7zr3","fieldName":"tags"}],[{"_typeName":"MaterialTag","id":"cjvdwfeixzlya0b22ynkqa1s7"},{"_typeName":"Material","id":"cjvdx62j3zzgz0b226qmfo9w6","fieldName":"tags"}],[{"_typeName":"MaterialTag","id":"cjvdwfeixzlya0b22ynkqa1s7"},{"_typeName":"Material","id":"cjvdx7asvzzy90b22g8pyz0xj","fieldName":"tags"}],[{"_typeName":"MaterialTag","id":"cjvdwfeixzlya0b22ynkqa1s7"},{"_typeName":"Material","id":"cjvdx8qzh00n20b228qq46a7o","fieldName":"tags"}],[{"_typeName":"MaterialTag","id":"cjvdwfeixzlya0b22ynkqa1s7"},{"_typeName":"Material","id":"cjvdxa09ixuhc0b95sf7a3rma","fieldName":"tags"}]]}