{"valueType":"lists","values":[{"_typeName":"User","id":"cjvcxslmjn5l50b95gxuuvl9s","permissions":["MEMBER"]},{"_typeName":"User","id":"cjvcy9y5wqlph0b22sxmocvx4","permissions":["MEMBER"]},{"_typeName":"User","id":"cjvcxqvwaqgyk0b22qj84brws","permissions":["MEMBER"]},{"_typeName":"User","id":"cjvcw3ijvmpel0b95y04u1zdn","permissions":["MEMBER"]},{"_typeName":"User","id":"cjvaae7d3slp20b95m54iv552","permissions":["OWNER"]},{"_typeName":"User","id":"cjvcxh2aon2oi0b95g7558g0l","permissions":["MEMBER"]},{"_typeName":"User","id":"cjvcy6w8vqkzk0b22gzs3xscr","permissions":["ADMIN"]},{"_typeName":"User","id":"cjvaqy9d6368e0b22ftwzu9s8","permissions":["OWNER"]},{"_typeName":"User","id":"cjvcxcjnbqdqf0b22knpxffwv","permissions":["MEMBER"]},{"_typeName":"User","id":"cjvcxkanpqfj70b22a3nt2dtz","permissions":["MEMBER"]},{"_typeName":"User","id":"cjvcxwf3xqibz0b22xd1uwc3p","permissions":["MEMBER"]},{"_typeName":"User","id":"cjvcxnz8uqgbe0b22vmpf5dao","permissions":["MEMBER"]},{"_typeName":"User","id":"cjvcxslmjn5l50b95gxuuvl9s","institution":["PWR_ORGANIZATION"]},{"_typeName":"User","id":"cjvcy9y5wqlph0b22sxmocvx4","institution":["UE_ORGANIZATION"]},{"_typeName":"User","id":"cjvcxqvwaqgyk0b22qj84brws","institution":["PWR_ORGANIZATION"]},{"_typeName":"User","id":"cjvcw3ijvmpel0b95y04u1zdn","institution":["UE_ORGANIZATION"]},{"_typeName":"User","id":"cjvcxh2aon2oi0b95g7558g0l","institution":["PWR_ORGANIZATION"]},{"_typeName":"User","id":"cjvcy6w8vqkzk0b22gzs3xscr","institution":["UE_ORGANIZATION"]},{"_typeName":"User","id":"cjvcxcjnbqdqf0b22knpxffwv","institution":["PWR_ORGANIZATION"]},{"_typeName":"User","id":"cjvcxkanpqfj70b22a3nt2dtz","institution":["PWR_ORGANIZATION"]},{"_typeName":"User","id":"cjvcxwf3xqibz0b22xd1uwc3p","institution":["UE_ORGANIZATION"]},{"_typeName":"User","id":"cjvcxnz8uqgbe0b22vmpf5dao","institution":["UE_ORGANIZATION"]}]}